new_municipality,cardiac_arrests_number,points_coordinates
"antwerpen, belgium",318,"(4.4051485, 51.2213404)"
"deurne, belgium",155,"(4.4595994, 51.2203758)"
"mechelen, belgium",124,"(4.4775553, 51.0259143)"
"merksem, belgium",74,"(4.4489277, 51.2508917)"
"wilrijk, belgium",73,"(4.3942868, 51.1683102)"
"borgerhout, belgium",72,"(4.4488977, 51.2090363)"
"hoboken, belgium",69,"(4.3500096, 51.1775434)"
"berchem, belgium",59,"(4.4188392, 51.1955771)"
"geel, belgium",57,"(4.9907929, 51.1626132)"
"schoten, belgium",57,"(4.4979217, 51.2494528)"
"brasschaat, belgium",56,"(4.4915511, 51.2901086)"
"lier, belgium",54,"(4.5675409, 51.133455)"
"mol, belgium",49,"(5.1154096, 51.1872257)"
"turnhout, belgium",48,"(4.9375577, 51.3216509)"
"mortsel, belgium",44,"(4.4492707, 51.1708718)"
"kapellen, belgium",39,"(4.4295178, 51.3149716)"
"ekeren, belgium",38,"(4.4175641, 51.2771047)"
"balen, belgium",29,"(5.167686499999999, 51.17041469999999)"
"edegem, belgium",29,"(4.4313468, 51.1561016)"
"herentals, belgium",28,"(4.836376599999999, 51.1771658)"
"kontich, belgium",27,"(4.4448813, 51.1352373)"
"boom, belgium",26,"(4.3649456, 51.08979679999999)"
"wommelgem, belgium",25,"(4.5226616, 51.20303939999999)"
"schilde, belgium",24,"(4.5791748, 51.2390988)"
"oud-turnhout, belgium",24,"(4.982241999999999, 51.3179033)"
"hoevenen, belgium",24,"(4.4047295, 51.3061855)"
"willebroek, belgium",23,"(4.3610481, 51.0621814)"
"zoersel, belgium",22,"(4.7123589, 51.2674174)"
"meerhout, belgium",22,"(5.0770596, 51.132046)"
"schelle, belgium",21,"(4.3384253, 51.1274676)"
"heist-op-den-berg, belgium",19,"(4.7270671, 51.075058)"
"putte, belgium",19,"(4.6287983, 51.0548716)"
"zwijndrecht, belgium",19,"(4.3290469, 51.2157101)"
"aartselaar, belgium",19,"(4.3874914, 51.1344849)"
"berlaar, belgium",19,"(4.6574139, 51.1180942)"
"rijkevorsel, belgium",18,"(4.7604695, 51.3493012)"
"olen, belgium",18,"(4.903903, 51.16873340000001)"
"merksplas, belgium",17,"(4.8643467, 51.3541789)"
"wijnegem, belgium",17,"(4.5194994, 51.2270747)"
"oostmalle, belgium",17,"(4.7337542, 51.301137)"
"essen, belgium",16,"(4.468516999999999, 51.4677647)"
"kalmthout, belgium",16,"(4.4750964, 51.3829237)"
"vorselaar, belgium",16,"(4.7726104, 51.20245449999999)"
"niel, belgium",16,"(4.3320602, 51.1107065)"
"herselt, belgium",16,"(4.8807744, 51.0523235)"
"bornem, belgium",16,"(4.2355695, 51.0994496)"
"wuustwezel, belgium",14,"(4.5907442, 51.3892386)"
"duffel, belgium",14,"(4.504767699999999, 51.09522279999999)"
"ruisbroek, belgium",14,"(4.33107, 51.08799)"
"tongerlo, belgium",14,"(4.915649999999999, 51.10533)"
"sint-katelijne-waver, belgium",13,"(4.5314072, 51.0703915)"
"kessel, belgium",13,"(4.62968, 51.13915)"
"hemiksem, belgium",13,"(4.3382869, 51.1452459)"
"kasterlee, belgium",13,"(4.9673618, 51.2404924)"
"rijmenam, belgium",12,"(4.5856815, 51.00204590000001)"
"pulderbos, belgium",12,"(4.6919, 51.2165685)"
"beerse, belgium",12,"(4.855942499999999, 51.3197704)"
"halle, belgium",12,"(4.2337053, 50.7381601)"
"westerlo, belgium",12,"(4.9144481, 51.08996880000001)"
"bonheiden, belgium",11,"(4.548149599999999, 51.02225660000001)"
"arendonk, belgium",11,"(5.0776492, 51.3227802)"
"brecht, belgium",11,"(4.6380512, 51.3497216)"
"hingene, belgium",11,"(4.2687874, 51.1032985)"
"heffen, belgium",10,"(4.413729099999999, 51.0468914)"
"dessel, belgium",9,"(5.112964799999999, 51.2392534)"
"nijlen, belgium",9,"(4.6702241, 51.16109729999999)"
"grobbendonk, belgium",9,"(4.7386455, 51.1892264)"
"herenthout, belgium",8,"(4.7564019, 51.1394824)"
"tielen, belgium",8,"(4.8976789, 51.2434976)"
"retie, belgium",8,"(5.084274499999999, 51.2673661)"
"walem, belgium",8,"(4.4572147, 51.0676813)"
"bouwel, belgium",8,"(4.7420582, 51.1719684)"
"genk, belgium",8,"(5.5021822, 50.9662102)"
"onze-lieve-vrouw-waver, belgium",8,"(4.5787019, 51.0618859)"
"hoogstraten, belgium",8,"(4.7615606, 51.4015935)"
"stabroek, belgium",8,"(4.3627753, 51.3310835)"
"boechout, belgium",8,"(4.496417000000001, 51.1662733)"
"westmalle, belgium",8,"(4.694263299999999, 51.2968136)"
"schriek, belgium",7,"(4.69272, 51.02744999999999)"
"sint-job-in-'t-goor, belgium",7,"(4.5833585, 51.2927665)"
"rumst, belgium",7,"(4.4127203, 51.1010868)"
"'s-gravenwezel, belgium",7,"(4.56096, 51.26292000000001)"
"booischot, belgium",7,"(4.77523, 51.05151)"
"hasselt, belgium",7,"(5.3425633, 50.9326432)"
"hulshout, belgium",7,"(4.7888868, 51.0755943)"
"itegem, belgium",7,"(4.72927, 51.10321)"
"lint, belgium",6,"(4.4967809, 51.12735)"
"minderhout, belgium",6,"(4.763389999999999, 51.41654)"
"beerzel, belgium",6,"(4.66764, 51.05786)"
"berendrecht, belgium",6,"(4.31409, 51.34287)"
"burcht, belgium",6,"(4.34148, 51.20367)"
"eindhout, belgium",6,"(4.9997, 51.10334)"
"ranst, belgium",6,"(4.5640917, 51.1878252)"
"poppel, belgium",6,"(5.0431801, 51.4471741)"
"noorderwijk, belgium",6,"(4.8388348, 51.1393923)"
"loenhout, belgium",6,"(4.6432288, 51.3990063)"
"meer, belgium",6,"(4.7383, 51.4456)"
"lommel, belgium",6,"(5.309601900000001, 51.2306827)"
"lichtaart, belgium",6,"(4.9108088, 51.2197251)"
"massenhoven, belgium",6,"(4.636424700000001, 51.1986273)"
"meerle, belgium",6,"(4.803769, 51.4733516)"
"oppuurs, belgium",5,"(4.241989999999999, 51.06607)"
"zandhoven, belgium",5,"(4.656535499999999, 51.2135303)"
"puurs, belgium",5,"(4.2783654, 51.07097350000001)"
"vorst, belgium",5,"(4.3247165, 50.8100773)"
"muizen, belgium",5,"(4.5157593, 51.0103798)"
"zoerle-parwijs, belgium",5,"(4.868939999999999, 51.08879)"
"vosselaar, belgium",4,"(4.8882048, 51.3130992)"
"breendonk, belgium",4,"(4.322039999999999, 51.04309)"
"borsbeek, belgium",4,"(4.4791807, 51.19469429999999)"
"gierle, belgium",4,"(4.8677063, 51.2671512)"
"vlimmeren, belgium",4,"(4.782045399999999, 51.2971394)"
"lippelo, belgium",4,"(4.2586, 51.04215)"
"wechelderzande, belgium",4,"(4.7999275, 51.26453559999999)"
"gooreind, belgium",4,"(4.54631, 51.3566)"
"baarle-hertog, belgium",4,"(4.9318189, 51.4415736)"
"oelegem, belgium",4,"(4.599714899999999, 51.2129972)"
"hove, belgium",4,"(4.4707058, 51.1539096)"
"houthalen, belgium",4,"(5.376354099999999, 51.03146270000001)"
"zichen-zussen-bolder, belgium",4,"(5.6245555, 50.7933496)"
"pulle, belgium",3,"(4.7137397, 51.2032977)"
"broechem, belgium",3,"(4.6020124, 51.1813334)"
"westmeerbeek, belgium",3,"(4.8351, 51.06032)"
"borgloon, belgium",2,"(5.3405024, 50.8032367)"
"weelde, belgium",2,"(4.9908357, 51.406763)"
"lummen, belgium",2,"(5.1951475, 50.9876997)"
"as, belgium",2,"(5.5884303, 51.0070217)"
"blaasveld, belgium",2,"(4.37719, 51.05583000000001)"
"waarloos, belgium",2,"(4.454695900000001, 51.105061)"
"vreren, belgium",2,"(5.4974649, 50.7515842)"
"vremde, belgium",2,"(4.52311, 51.17486)"
"aalst, belgium",2,"(4.0424216, 50.9407315)"
"wiekevorst, belgium",2,"(4.794491499999999, 51.10914)"
"mariekerke, belgium",2,"(4.192341799999999, 51.0634883)"
"aard, belgium",2,"(4.469936, 50.503887)"
"zolder, belgium",2,"(5.3097324, 51.0229535)"
"veerle, belgium",2,"(4.987210000000001, 51.06994)"
"zandvliet, belgium",2,"(4.30716, 51.35964999999999)"
"leest, belgium",2,"(4.4176682, 51.0328978)"
"tongeren, belgium",2,"(5.4601943, 50.7799815)"
"reet, belgium",2,"(4.4125882, 51.10113339999999)"
"koersel, belgium",2,"(5.27176, 51.05844)"
"meeuwen, belgium",2,"(5.5205, 51.09867)"
"olmen, belgium",2,"(5.15072, 51.1420912)"
"oostham, belgium",2,"(5.18022, 51.10373)"
"hombeek, belgium",2,"(4.442769699999999, 51.014356)"
"opglabbeek, belgium",2,"(5.58412, 51.04316)"
"hoeselt, belgium",2,"(5.4899231, 50.8485788)"
"poederlee, belgium",2,"(4.8353147, 51.2263125)"
"liezele, belgium",2,"(4.28023, 51.06082)"
"heultje, belgium",2,"(4.83648, 51.08699)"
"herk-de-stad, belgium",2,"(5.1672236, 50.9392785)"
"ramsel, belgium",2,"(4.8328, 51.03211)"
"heindonk, belgium",2,"(4.40756, 51.0673)"
"tisselt, belgium",2,"(4.35717, 51.03437)"
"hallaar, belgium",2,"(4.73293, 51.08464)"
"grootlo, belgium",2,"(4.71005, 51.01411)"
"gestel, belgium",2,"(4.67316, 51.12840000000001)"
"emblem, belgium",2,"(4.605068, 51.16204130000001)"
"sint-amands, belgium",2,"(4.2050401, 51.054855)"
"koningshooikt, belgium",2,"(4.61011, 51.09522)"
"sint-lenaarts, belgium",2,"(4.677029999999999, 51.34869)"
"sint-truiden, belgium",2,"(5.1819977, 50.818835)"
"diepenbeek, belgium",2,"(5.4197659, 50.9088864)"
"lille, belgium",1,"(4.823159599999999, 51.2418705)"
"eksel, belgium",1,"(5.394354499999999, 51.1546138)"
